1,Giana McCarthy,2026-01-26
2,Clayton Beck,2026-12-15
3,Shepard Khan,2026-05-16
4,Anika Snyder,2026-09-22
5,Caiden Hunter,2026-08-25
6,Logan Cortes,2026-04-18
7,Bishop Hines,2026-10-26
8,Jianna Callahan,2026-04-16
9,Connor Dillon,2026-11-13
10,Mazikee Chapman,2026-08-06
11,Aiden Edwards,2026-06-10
12,Charli Raymond,2026-09-07
13,Reagan Floyd,2026-02-20
14,Thiago Sanford,2026-02-11
15,Isabel Ochoa,2026-12-21
16,Magdalena James,2026-09-13
17,Crew Yang,2026-03-13
18,Freya Gregory,2026-05-19
19,Parker Fisher,2026-12-25
20,Weston Zuniga,2026-04-05
21,Itzayana Smith,2026-07-08
22,Alaiya Bernard,2026-04-06
23,Bria Griffin,2026-11-08
24,Jakobe Villanueva,2026-08-17
25,Giovanna Ballard,2026-08-02
26,Musa Barnes,2026-09-06
27,Irene Lloyd,2026-04-18
28,Leonardo Stout,2026-07-09
29,Jenesis Ashley,2026-10-02
30,Eleanor Little,2026-03-23
31,Annika Zavala,2026-10-21
32,Bronson Hanson,2026-12-18
33,Ibrahim Saunders,2026-05-12
34,Ricardo Chung,2026-06-26
35,Annalise Bean,2026-02-17
36,Elijah Gould,2026-04-13
37,Reginald Stafford,2026-05-11
38,Khalil Cano,2026-01-19
39,Carl Fisher,2026-07-04
40,Kailani Harmon,2026-09-12
41,Jair Weiss,2026-03-22
42,Jaiden O’Connor,2026-06-12
43,Lyra Moon,2026-03-23
44,Lucian Stokes,2026-02-16
45,Luna Singleton,2026-06-20
46,Travis Coleman,2026-06-12
47,Beatrice McClure,2026-10-14
48,Siena Mathis,2026-05-05
49,Harlee Sanders,2026-07-12
50,Rowan Larson,2026-10-15
51,Blaire Hanson,2026-07-16
52,Mathew House,2026-06-17
53,Ansley Navarro,2026-12-20
54,Karsyn Shepard,2026-04-17
55,Davion Chavez,2026-05-27
56,Jonas Norman,2026-08-04
57,Iliana O’Donnell,2026-04-02
58,Ashley Rangel,2026-08-22
59,Kenji Franco,2026-10-18
60,Keaton Khan,2026-02-15
61,Estrella Barnes,2026-10-24
62,Curtis Williams,2026-12-11
63,Jaxon Gallegos,2026-04-12
64,Charlotte Solomon,2026-10-13
65,Meadow Hail,2026-01-08
66,Zoe Murillo,2026-09-20
67,Fisher Preston,2026-02-11
68,Emerald Logan,2026-02-04
69,Natasha Schneider,2026-02-17
70,Maximiliano Bates,2026-02-03
71,Miguel Cox,2026-09-22
72,Amayah Dodson,2026-09-27
73,Finley Hendrix,2026-09-07
74,Adonis Camacho,2026-04-16
75,Melody Vo,2026-10-20
76,Hunter Fitzpatrick,2026-07-09
77,Maverick Rush,2026-02-06
78,Irene Bravo,2026-08-05
79,Lilian Guevara,2026-03-19
80,Mercy Felix,2026-08-02
81,Legend Cochran,2026-10-23
82,Benson Patrick,2026-10-17
83,Gustavo Nichols,2026-04-15
84,Orion Cruz,2026-12-23
85,Calvin Greene,2026-06-25
86,Knox Rosario,2026-02-02
87,Rayne Reilly,2026-08-25
88,Trevor Tucker,2026-07-05
89,Lennon Spears,2026-03-11
90,Raina Bauer,2026-12-02
91,Miranda Savage,2026-01-23
92,Deborah Hanson,2026-09-11
93,Ariah Brennan,2026-03-05
94,Jair Ahmed,2026-05-23
95,Ishaan Rowland,2026-12-08
96,Milan Pace,2026-12-03
97,Easton Ballard,2026-11-02
98,Veronica Stein,2026-05-05
99,Kylie McBride,2026-07-03
100,Gwen Li,2026-05-16
101,Zavier Mays,2026-10-16
102,Tate Hensley,2026-02-14
103,Jaiden Doyle,2026-07-05
104,Emberly Newman,2026-05-18
105,Rosalie Russell,2026-12-20
106,Averi Crane,2026-12-01
107,Zaniyah Huerta,2026-09-05
108,Bridget Adams,2026-10-21
109,Delaney Valencia,2026-05-23
110,Khalid Tate,2026-12-24
111,Canaan Lim,2026-10-26
112,Adonis Perez,2026-10-17
113,Liam Christian,2026-09-10
114,Lexi McDonald,2026-07-20
115,Catherine Hanna,2026-01-20
116,Victoria Archer,2026-02-08
117,Hector Rosales,2026-12-11
118,Nevaeh Mercado,2026-03-01
119,Ellis Lucas,2026-08-11
120,Rylan Caldwell,2026-02-21
121,Zelda Soto,2026-02-07
122,Jaylen Garner,2026-08-21
123,Rhys Lucas,2026-07-19
124,Lawson Marin,2026-10-01
125,Zaylee Jensen,2026-05-03
126,Corbin Ochoa,2026-03-16
127,Kira Quinn,2026-09-19
128,Arthur Finley,2026-12-02
129,Sunny Olson,2026-01-19
130,Lilyana Dennis,2026-12-05
131,Stefan O’brien,2026-01-08
132,Kylen Roy,2026-01-17
133,Wynter Wheeler,2026-06-12
134,Steven Miller,2026-07-04
135,Rodney Gillespie,2026-03-11
136,Audrey Curtis,2026-04-25
137,Davis Daniel,2026-07-02
138,Ophelia Zhang,2026-05-13
139,Joseph Jensen,2026-04-26
140,Kadence Henderson,2026-06-09
141,Shiloh Cherry,2026-02-23
142,Ivy Becker,2026-07-17
143,Elisha Boyle,2026-04-26
144,Kennedy Grimes,2026-03-25
145,Raymond Douglas,2026-11-14
146,Anahi Washington,2026-03-09
147,Ryan Madden,2026-02-24
148,Albert Vang,2026-12-15
149,Rowan Leon,2026-09-17
150,Kellen Merritt,2026-05-22
151,Aurelia Bernard,2026-03-21
152,Rory Lara,2026-11-04
153,Chana Hughes,2026-10-08
154,Malachi Keller,2026-07-22
155,Everest Nixon,2026-06-04
156,Charleigh Lucero,2026-10-21
157,Morgan Peterson,2026-01-26
158,Lennox Blackwell,2026-02-01
159,Zelda Calderon,2026-01-18
160,Marie Prince,2026-11-18
161,Sydney Lewis,2026-07-27
162,Arielle Hoover,2026-03-06
163,Harris Lim,2026-10-14
164,Logan Clements,2026-05-17
165,Marcelo Pitts,2026-02-07
166,Leilany Fowler,2026-11-09
167,Gunnar Levy,2026-05-03
168,Ellison Woodard,2026-04-15
169,Aydin Olson,2026-10-09
170,Fatima Wong,2026-10-03
171,Poppy Salinas,2026-06-03
172,Brock Pacheco,2026-12-24
173,Jorge Orozco,2026-05-04
174,Jocelyn Lozano,2026-01-08
175,Troy Chang,2026-09-19
176,Malaya Horn,2026-05-09
177,Jennifer Bradley,2026-11-14
178,Davina Baxter,2026-09-20
179,Brooke Marks,2026-07-27
180,Luis Sullivan,2026-04-06
181,Joshua Huerta,2026-08-09
182,Maisie McIntosh,2026-06-05
183,Armani Brooks,2026-10-27
184,Rowan Lowery,2026-12-09
185,Conor Kelley,2026-04-13
186,Melany Novak,2026-05-16
187,Quinton Tyler,2026-05-02
188,Musa Olson,2026-04-03
189,Kenzo Tran,2026-08-25
190,Harrison Porter,2026-07-10
191,Genesis Reeves,2026-07-16
192,Marianna Delgado,2026-06-11
193,Scarlet Huynh,2026-05-13
194,Clayton Daugherty,2026-12-07
195,Trent Brock,2026-05-06
196,Savanna Flowers,2026-11-23
197,Braxton Bridges,2026-05-06
198,Joanna Walker,2026-07-15
199,Chandler Quinn,2026-10-13
200,Adelaide Benitez,2026-06-17
201,Nash Dalton,2026-07-24
202,Walter Haley,2026-07-04
203,Eugene Hernandez,2026-08-20
204,Magnolia Powell,2026-10-23
205,Matthias McFarland,2026-04-23
206,Summer Maldonado,2026-04-25
207,Madilyn Mullen,2026-09-03
208,Gavin Harrell,2026-09-27
209,Travis Palacios,2026-04-04
210,Aden Avalos,2026-11-14
211,Jose Stokes,2026-11-07
212,Jolene Cuevas,2026-12-26
213,Noah Pope,2026-05-07
214,Briana Hayden,2026-08-12
215,Ryleigh Berry,2026-05-06
216,Kensley Stanton,2026-06-10
217,Tomas Dawson,2026-01-06
218,Zain Schneider,2026-03-25
219,Rowen Daniels,2026-01-01
220,Karina Liu,2026-05-05
221,Cedric Hill,2026-08-18
222,Giavanna Thomas,2026-04-12
223,Flynn West,2026-06-01
224,Idris Haynes,2026-04-25
225,Arya Guevara,2026-01-09
226,Dakari Norris,2026-09-16
227,Zaire Sherman,2026-01-22
228,Conner Daugherty,2026-09-11
229,Enrique Finley,2026-07-25
230,Mitchell Jarvis,2026-07-15
231,Brinley Lara,2026-09-25
232,Bodie Pittman,2026-08-07
233,Stormi Townsend,2026-10-20
234,Blaze Patrick,2026-11-14
235,Jimena Horne,2026-05-01
236,Tommy Figueroa,2026-01-16
237,Noa Blair,2026-10-10
238,Riley Zavala,2026-05-15
239,Jimmy Blanchard,2026-07-08
240,Marina Mora,2026-05-01
241,Kenia Andrews,2026-11-24
242,Dulce Owens,2026-09-07
243,Molly Esquivel,2026-10-09
244,Rome Jones,2026-04-18
245,Brendan Xiong,2026-12-20
246,Jasper McPherson,2026-01-04
247,Aron Espinoza,2026-05-21
248,Kayleigh Sanchez,2026-06-13
249,Amos McConnell,2026-02-15
250,Sutton Brady,2026-04-03
251,Cullen Dyer,2026-12-20
252,Ernesto Hart,2026-10-19
253,Maddison Mueller,2026-08-18
254,Edgar Pugh,2026-07-06
255,Maurice Black,2026-06-09
256,Amos Goodwin,2026-03-22
257,Charli Hobbs,2026-08-20
258,Kimber Lynn,2026-08-17
259,Harlow Lam,2026-06-19
260,Iyla Alvarez,2026-09-15
261,Marceline Pittman,2026-08-14
262,Nevaeh Fields,2026-04-17
263,Abner Robinson,2026-04-12
264,Raelyn House,2026-08-07
265,Jessica Meza,2026-11-02
266,Elisabeth Hoffman,2026-08-01
267,Mckenzie Tran,2026-04-18
268,Alianna Stokes,2026-05-07
269,Braylon McCarthy,2026-04-14
270,Julia Macias,2026-09-26
271,Kai Munoz,2026-08-18
272,Rodney Andrade,2026-08-21
273,Annalise Donovan,2026-05-06
274,Elena Cole,2026-01-04
275,Jaziel Marks,2026-04-08
276,Cillian Maldonado,2026-08-04
277,Gerald Booth,2026-03-16
278,Ari Mann,2026-09-20
279,Alyssa Lewis,2026-09-05
280,Eloise McClain,2026-06-22
281,Mabel Ferguson,2026-12-25
282,Ayaan Soto,2026-11-17
283,Alena Castaneda,2026-06-02
284,Katalina Morse,2026-07-21
285,Cataleya Dickerson,2026-12-03
286,Jasper Williams,2026-05-11
287,Mary Jennings,2026-09-16
288,Skye Dunlap,2026-12-25
289,Peyton Medrano,2026-07-08
290,Ty Bell,2026-01-25
291,Gordon Walton,2026-11-22
292,Conrad Archer,2026-06-26
293,Sadie Ford,2026-04-10
294,Esme Lloyd,2026-03-18
295,Halle Richards,2026-03-27
296,Kenneth Richard,2026-08-02
297,Peyton Davila,2026-05-07
298,Gatlin Lyons,2026-04-03
299,Ava Huang,2026-10-17
300,Zoya Camacho,2026-12-23
301,Eden Wagner,2026-05-20
302,Bennett Martin,2026-05-24
303,Jeffery Ryan,2026-11-19
304,Grady Glass,2026-12-17
305,Quincy Whitaker,2026-04-17
306,Deborah Pratt,2026-05-15
307,Helena Miranda,2026-09-23
308,Justice Pena,2026-03-20
309,Keanu Ball,2026-04-11
310,Lawson Barton,2026-11-13
311,Uriel Webster,2026-05-02
312,Carolina Hale,2026-09-21
313,Brady Pittman,2026-09-07
314,Kameron Durham,2026-11-23
315,Giana Turner,2026-08-24
316,Manuel Mack,2026-11-07
317,Davion Lang,2026-07-01
318,Monica Peralta,2026-04-18
319,Griffin Bean,2026-01-24
320,Mauricio Huff,2026-05-12
321,Eddie Atkins,2026-01-17
322,Khalil Ali,2026-09-02
323,Kimber Finley,2026-05-08
324,Lylah Ellison,2026-07-09
325,Raven Anthony,2026-11-26
326,Emmett Sloan,2026-10-26
327,Esther Avila,2026-04-26
328,Nadia Burch,2026-11-24
329,Annie Noble,2026-12-16
330,Elisa Kane,2026-04-03
331,Alvaro Cunningham,2026-09-04
332,Chaim Velasquez,2026-11-11
333,Gloria Holland,2026-10-16
334,Richard Jackson,2026-07-25
335,Everest Berger,2026-05-27
336,Kenzo Stone,2026-04-01
337,Aspen Holloway,2026-07-03
338,Kehlani Drake,2026-03-09
339,Wayne Lawson,2026-03-26
340,Mckenna Madden,2026-02-13
341,Brayden Leal,2026-06-04
342,Jacqueline Hall,2026-01-11
343,Case Frazier,2026-04-24
344,Bode Sellers,2026-06-06
345,Laurel Farmer,2026-12-18
346,Cal Gray,2026-05-11
347,Violeta Reed,2026-11-04
348,Magnus Parra,2026-06-18
349,Carly Hamilton,2026-01-08
350,Alex Rios,2026-05-20
351,Elian King,2026-07-14
352,Alijah Bennett,2026-09-22
353,Aaliyah Grant,2026-12-22
354,Sarah Martin,2026-01-02
355,Giovanna Moon,2026-04-20
356,Tiffany Hester,2026-02-14
357,Kora Raymond,2026-12-19
358,Damon Beil,2026-12-23
359,Brynlee Fields,2026-07-10
360,Zain Mejia,2026-06-03
361,Connor Alfaro,2026-05-03
362,Jaycee Christian,2026-12-07
363,Shiloh Lucero,2026-11-09
364,Jovie Kent,2026-11-22
365,Leon Rowe,2026-07-01
366,Everleigh Trujillo,2026-07-07
367,Mila Owens,2026-04-26
368,Isabel Chung,2026-11-14
369,Chandler Kennedy,2026-12-11
370,Anaya Wilkinson,2026-03-19
371,Dillon Johns,2026-10-06
372,Barrett Hicks,2026-03-09
373,Miranda Flowers,2026-05-20
374,Banks Wheeler,2026-07-09
375,Elliana Gill,2026-09-21
376,Celia Hill,2026-08-20
377,Hannah White,2026-03-19
378,Valentino Sellers,2026-05-25
379,Emani Watkins,2026-11-23
380,Lance Lam,2026-03-25
381,Norah Carr,2026-11-15
382,Emmy Vasquez,2026-04-02
383,Leonard Saunders,2026-12-04
384,Bryson Hart,2026-10-05
385,Ivanna Sheppard,2026-05-22
386,Itzel Vargas,2026-08-12
387,Pierce Allen,2026-08-02
388,Pedro Howe,2026-03-12
389,Landyn Ibarra,2026-05-19
390,Holly Lozano,2026-11-11
391,Sophia Michael,2026-01-21
392,Aries Miranda,2026-12-14
393,Leslie Hall,2026-11-04
394,Evelynn Boone,2026-09-17
395,Emmitt Salas,2026-03-11
396,Kaiya McMillan,2026-02-20
397,Ameer Orr,2026-11-17
398,Oakley Novak,2026-01-08
399,Emely Buchanan,2026-03-20
400,Jefferson Bravo,2026-09-23
401,Jason Warner,2026-01-16
402,Chelsea Walsh,2026-02-16
403,Camila Carson,2026-06-03
404,Annabelle Beasley,2026-02-23
405,Frida Lin,2026-09-09
406,Ridge McDowell,2026-06-12
407,Bishop Velasquez,2026-10-22
408,Hope Conley,2026-06-14
409,Leroy Soto,2026-06-06
410,Marvin Bowen,2026-11-27
411,Kareem Calderon,2026-07-08
412,Siena Pierce,2026-02-25
413,Madisyn May,2026-04-20
414,Isaias Vega,2026-05-03
415,Sincere Diaz,2026-10-01
416,Tanner Vasquez,2026-10-25
417,Claire Gillespie,2026-03-19
418,Derek Murillo,2026-02-25
419,Ezekiel Gallegos,2026-03-18
420,Gael Johns,2026-08-13
421,Jovie Stone,2026-03-20
422,Aubrielle Cantrell,2026-03-02
423,Leslie Delgado,2026-05-03
424,Reign Harrison,2026-05-19
425,Fox Hoffman,2026-09-21
426,Bryan Wilkinson,2026-02-25
427,Knox Dennis,2026-08-23
428,Ashlyn Atkinson,2026-06-01
429,Blaine Hancock,2026-05-09
430,Jesus Benjamin,2026-11-12
431,Nehemiah Barber,2026-04-06
432,Zaire Nixon,2026-06-06
433,Zechariah Bean,2026-10-25
434,Meadow Bowen,2026-03-05
435,Mason Stein,2026-10-07
436,Kaiya Durham,2026-02-01
437,Mercy Hernandez,2026-08-05
438,Bonnie Weber,2026-10-27
439,Wyatt Medina,2026-06-26
440,Gia Anthony,2026-11-20
441,Amber Brown,2026-06-22
442,Logan Harris,2026-04-07
443,Bodie Terry,2026-03-17
444,Khloe Gaines,2026-10-22
445,Abner Maldonado,2026-12-05
446,Nathaniel Kelley,2026-06-06
447,Arthur Poole,2026-11-02
448,Adalee Ford,2026-11-15
449,Zaniyah Holland,2026-10-08
450,Isabella Evans,2026-01-23
451,Ira Howe,2026-12-06
452,Danna Felix,2026-08-03
453,Cohen Henson,2026-05-13
454,Nala Baldwin,2026-12-24
455,Mallory Petersen,2026-07-02
456,Kaitlyn Serrano,2026-05-22
457,Yehuda Aguirre,2026-05-23
458,Kye Powers,2026-03-07
459,Alianna Walter,2026-10-05
460,Lauren Cline,2026-10-23
461,Ishaan Adams,2026-02-19
462,Florence Castillo,2026-10-23
463,Connor Bender,2026-10-23
464,Samira Conner,2026-09-08
465,Faith Rojas,2026-10-26
466,Sloan Benitez,2026-07-01
467,Kinley Steele,2026-06-02
468,Elias Combs,2026-10-03
469,Nora Charles,2026-04-11
470,Issac Reyes,2026-01-07
471,Carolina Nguyen,2026-03-26
472,Aron Powers,2026-01-21
473,Madelynn Roy,2026-02-10
474,Muhammad Pineda,2026-09-03
475,Mariana Gentry,2026-10-20
476,Adriel Hansen,2026-06-15
477,Elaina Patrick,2026-01-17
478,Jordan Melton,2026-10-16
479,Olivia Moran,2026-03-27
480,Denver Fitzgerald,2026-10-17
481,Westley Cordova,2026-12-02
482,Marcelo Wong,2026-11-18
483,Jolie Horne,2026-11-06
484,Alvin Hunter,2026-07-18
485,Wrenley Choi,2026-02-14
486,Louisa Cox,2026-08-04
487,Jonathan McIntyre,2026-03-14
488,Denver Mills,2026-03-15
489,Monroe Simon,2026-06-04
490,Renata Hayes,2026-04-16
491,Aliya Munoz,2026-04-22
492,Madalyn Chavez,2026-05-12
493,Lucille Price,2026-03-24
494,Ivory Parra,2026-06-10
495,Talon Boyle,2026-12-07
496,Kylie Prince,2026-05-04
497,Drew Byrd,2026-09-13
498,Flynn Sandoval,2026-09-01
499,Gemma Blankenship,2026-12-15
500,Maliyah York,2026-04-15
501,Junior Patterson,2026-09-16
502,Luciana McFarland,2026-08-01
503,Deacon Haley,2026-10-07
504,Bryan Gillespie,2026-09-22
505,Amirah Hinton,2026-05-24
506,Catalina Vo,2026-02-24
507,Alicia Bowman,2026-04-18
508,Cheyenne Hartman,2026-11-13
509,Everett Kaur,2026-03-05
510,Brady Camacho,2026-10-15
511,Nicolas Simmons,2026-07-19
512,Phoenix Ball,2026-11-03
513,Baker Hester,2026-10-24
514,Aryan Casey,2026-04-25
515,Maleah Schaefer,2026-05-10
516,Derrick Crane,2026-01-01
517,Aliyah Velazquez,2026-08-21
518,Khari Dunlap,2026-02-23
519,Addilynn Charles,2026-06-25
520,Maddison Solomon,2026-03-24
521,Aliana Bell,2026-02-05
522,Jada Cain,2026-04-19
523,Madilynn Compton,2026-06-06
524,Rome Davidson,2026-10-01
525,Matias Yang,2026-02-04
526,Blaze Gonzalez,2026-06-11
527,Franco Hale,2026-10-07
528,Alexis Bernal,2026-10-18
529,Sloan Dorsey,2026-06-06
530,Sage Hodge,2026-08-12
531,Legend Moreno,2026-10-25
532,Zola Dillon,2026-04-10
533,Sutton Glover,2026-09-10
534,Veronica Enriquez,2026-03-19
535,Brendan Spencer,2026-06-25
536,Ashley Farrell,2026-05-27
537,Rene Glenn,2026-06-01
538,Zyaire Schneider,2026-12-09
539,Kaysen Hodge,2026-10-22
540,Elora Villa,2026-11-02
541,Josephine Phelps,2026-05-03
542,Romina Michael,2026-12-25
543,Phoenix Lawson,2026-08-23
544,Harry Barry,2026-01-21
545,Zander Krueger,2026-12-04
546,Calum Mullen,2026-10-04
547,Kinsley Fitzgerald,2026-04-18
548,Jorge Bond,2026-04-08
549,Lucy Rivas,2026-01-07
550,Phillip Farmer,2026-01-21
551,Marie Gibbs,2026-06-15
552,Maximiliano Phan,2026-08-15
553,Dax Wolf,2026-12-10
554,Marley Spence,2026-11-22
555,Selena Schaefer,2026-04-14
556,Kara Orozco,2026-02-23
557,Gemma English,2026-09-10
558,Nala Portillo,2026-04-20
559,Reagan Hayes,2026-12-01
560,Wren Hickman,2026-10-21
561,Nayeli Hobbs,2026-04-06
562,Lochlan Mathews,2026-02-18
563,Clay Lloyd,2026-04-25
564,Xavier Blackburn,2026-03-09
565,Lawrence James,2026-04-23
566,Zhuri Gregory,2026-09-22
567,Jasmine Holloway,2026-08-03
568,Ares Collier,2026-04-17
569,Samara Chambers,2026-10-07
570,Jeremias Gaines,2026-06-07
571,Kaisley Brady,2026-06-23
572,Cash Bailey,2026-06-22
573,Ava Gonzales,2026-02-04
574,Salem Donaldson,2026-07-19
575,Kash Lester,2026-06-13
576,Lylah Alvarez,2026-05-20
577,Rogelio Sierra,2026-08-12
578,Westley Kemp,2026-03-23
579,Dillon Combs,2026-07-05
580,Zechariah Miles,2026-09-21
581,Reid Brown,2026-07-11
582,Lukas Perkins,2026-01-10
583,Alvaro Wang,2026-01-01
584,Jasmine Nash,2026-06-22
585,Hudson Gibson,2026-06-13
586,Quinton Manning,2026-01-16
587,Giselle Becker,2026-01-01
588,Dalary Bishop,2026-02-20
589,Kensley Durham,2026-08-22
590,Aliana Cook,2026-03-08
591,Lilith Everett,2026-07-03
592,Seven Logan,2026-07-02
593,Boone Goodman,2026-06-09
594,Ty Gilbert,2026-01-22
595,Trinity Hayes,2026-06-26
596,Abby Frye,2026-07-17
597,Josephine Greene,2026-08-25
598,Quinn Wang,2026-08-18
599,Gordon McDaniel,2026-04-13
600,Aniyah Compton,2026-06-14
601,Everest Doyle,2026-11-25
602,Eleanor Mack,2026-03-02
603,Miguel Clarke,2026-07-24
604,Michelle Zuniga,2026-03-01
605,Cannon Howell,2026-01-15
606,Leia Goodwin,2026-03-22
607,Persephone Gallegos,2026-02-25
608,Mara Bonilla,2026-06-16
609,Katelyn Romero,2026-05-15
610,Benson Foley,2026-07-14
611,Matilda McCarty,2026-09-02
612,Adelyn Knapp,2026-03-24
613,Damari Rodgers,2026-07-20
614,Travis Payne,2026-03-24
615,Estrella Reilly,2026-01-23
616,Saoirse Castro,2026-03-15
617,Lyra Atkinson,2026-03-14
618,Selah Dickerson,2026-09-25
619,Emanuel Bruce,2026-10-13
620,Johnathan Dawson,2026-04-12
621,Gwendolyn Bender,2026-01-25
622,Mack Herrera,2026-11-26
623,Queen Kline,2026-10-27
624,Clare McLaughlin,2026-01-05
625,Brayan Noble,2026-07-17
626,Emmaline Khan,2026-11-18
627,Dahlia Nash,2026-02-04
628,Egypt Gentry,2026-12-16
629,Zaniyah Barrett,2026-12-04
630,Kaylee Lam,2026-09-08
631,Nova Porter,2026-10-09
632,Ephraim Green,2026-04-14
633,Malachi Callahan,2026-06-04
634,Cara Booth,2026-12-18
635,Jaxson Novak,2026-05-10
636,Rocky Barber,2026-09-10
637,Giselle Cano,2026-09-22
638,Alma Clay,2026-10-03
639,Hamza Conway,2026-10-18
640,Savanna Sanders,2026-06-21
641,Graham Fowler,2026-04-22
642,Mateo Bowen,2026-04-25
643,Angelo Patterson,2026-11-06
644,Stella McLean,2026-05-03
645,Baker Wilcox,2026-04-12
646,Shiloh Valencia,2026-05-06
647,Belen Black,2026-07-17
648,Caspian Stuart,2026-09-10
649,Colin Villegas,2026-04-13
650,Coraline Reilly,2026-01-23
651,Nylah Cardenas,2026-01-16
652,Sariah Roach,2026-08-11
653,Jase Freeman,2026-03-26
654,Creed Robertson,2026-09-25
655,Gerald Whitaker,2026-07-12
656,Rivka Lin,2026-01-18
657,Alexis Bates,2026-06-17
658,Indie Russell,2026-03-02
659,Apollo Page,2026-08-03
660,Samir Snyder,2026-01-12
661,Joanna Burch,2026-03-25
662,Arturo Berry,2026-04-04
663,Fabian Esquivel,2026-02-23
664,Dulce Nava,2026-01-25
665,Addisyn Woodward,2026-03-07
666,Zendaya Poole,2026-08-03
667,Ava Berry,2026-12-26
668,Kaylee Wells,2026-10-20
669,Esme Burton,2026-03-20
670,Garrett Bryant,2026-02-27
671,Catalina McGee,2026-02-15
672,Holden Burnett,2026-02-24
673,Brianna Yates,2026-02-02
674,Santana Malone,2026-07-26
675,Alaric Martin,2026-11-24
676,Malani Briggs,2026-05-16
677,Briggs Frost,2026-05-14
678,Alessandra Potts,2026-04-12
679,Terry Ellison,2026-03-17
680,Layton Nolan,2026-10-24
681,Bodhi Jaramillo,2026-07-11
682,Liam Cannon,2026-04-06
683,Ashlyn Velez,2026-06-26
684,London Harrison,2026-08-25
685,Fletcher Cain,2026-04-11
686,Tommy McGee,2026-06-21
687,Marlee Macias,2026-07-13
688,Damon Schmitt,2026-02-16
689,Jayla Branch,2026-05-17
690,Maurice Clements,2026-11-03
691,Wilson Dejesus,2026-09-10
692,Yasmin Hampton,2026-10-16
693,Irene Baldwin,2026-11-18
694,Lilyana Jacobs,2026-10-11
695,Bronson Shepherd,2026-10-23
696,Phoebe Bernal,2026-04-04
697,Emmeline Wilson,2026-04-09
698,Amina Shah,2026-04-22
699,Enzo Velasquez,2026-08-16
700,Mira Roy,2026-10-15
701,Skyler Shah,2026-09-04
702,Amora Leonard,2026-03-08
703,Kenzie Campos,2026-07-11
704,Lana Estrada,2026-12-18
705,Ryker George,2026-11-18
706,Saylor Owen,2026-01-24
707,Zariyah Cherry,2026-09-03
708,Gary Ochoa,2026-08-23
709,Conor Sandoval,2026-01-20
710,Alora Blackburn,2026-10-14
711,Bishop Beltran,2026-06-01
712,Nova Delarosa,2026-12-12
713,Brinley Esparza,2026-01-17
714,Daisy Hicks,2026-11-06
715,Armani Abbott,2026-07-21
716,Weston Williams,2026-07-02
717,Waverly Cox,2026-01-10
718,Alina Moody,2026-06-17
719,Orion Costa,2026-12-27
720,Mccoy McMillan,2026-11-13
721,Kaysen Bartlett,2026-12-20
722,Luis Valencia,2026-07-27
723,Shane Bowman,2026-11-16
724,Alivia Cain,2026-10-11
725,Jaxx Allison,2026-04-04
726,Jessie Jensen,2026-03-02
727,Maya Burnett,2026-07-05
728,Phoebe Donaldson,2026-04-06
729,Felipe Carey,2026-10-14
730,Paula Cox,2026-06-23
731,Ezequiel Byrd,2026-01-23
732,Siena Woodard,2026-02-03
733,Ian Murray,2026-03-14
734,Karina Norris,2026-06-06
735,Luciana Wilkins,2026-12-19
736,Roselyn Andrews,2026-08-19
737,Penelope Costa,2026-02-03
738,Damien Carter,2026-06-09
739,Kendra Finley,2026-02-19
740,Kenji Salazar,2026-04-21
741,Maya Blake,2026-12-10
742,Heidi Wall,2026-02-02
743,Kamari Smith,2026-10-10
744,Juan Houston,2026-07-02
745,Natalia Buckley,2026-05-19
746,Itzayana Sheppard,2026-11-27
747,Alvaro Lynn,2026-02-20
748,Jalen Rose,2026-06-04
749,Avery Ahmed,2026-07-17
750,Colt Richards,2026-11-24
751,Max McDonald,2026-12-03
752,Rodney Guzman,2026-09-13
753,Brecken Guerrero,2026-09-05
754,Angelina Fitzpatrick,2026-08-12
755,Esteban Lawrence,2026-03-23
756,Denisse Cooper,2026-11-10
757,Harlan Tran,2026-02-25
758,Flora Chang,2026-06-25
759,Sutton Carr,2026-02-23
760,Issac Mathews,2026-11-15
761,Lylah Le,2026-03-12
762,Laylani Berry,2026-11-01
763,Rocco Nguyen,2026-05-11
764,Delaney Roth,2026-03-09
765,Natasha Gaines,2026-01-08
766,Boone Clay,2026-09-17
767,Xavier Lam,2026-09-10
768,Kristian Beltran,2026-12-08
769,Francisco Barrera,2026-07-06
770,Bridger Mosley,2026-09-22
771,Tatum Travis,2026-10-25
772,Santiago Callahan,2026-04-27
773,Michelle Felix,2026-04-25
774,Luella Costa,2026-06-20
775,Cash Nolan,2026-03-23
776,Camilo Collier,2026-05-19
777,Raegan O’Neal,2026-12-23
778,Oakleigh Hess,2026-03-18
779,Rebekah Wall,2026-10-05
780,Rayna Parra,2026-07-11
781,Moshe Monroe,2026-12-07
782,Addilynn Madden,2026-12-18
783,Jovie Mitchell,2026-04-19
784,Darwin Hurst,2026-06-17
785,Blaise Carr,2026-12-02
786,Amara McCarty,2026-05-09
787,Arianna Landry,2026-03-10
788,Roberto Morton,2026-05-25
789,Blaise Griffith,2026-03-18
790,Crosby Dyer,2026-08-09
791,Aya Roach,2026-02-23
792,Alfred Webster,2026-06-20
793,Cairo Wilkinson,2026-01-07
794,Rosalie Hodge,2026-04-03
795,Wyatt Barnett,2026-08-10
796,Zyair Huerta,2026-10-19
797,Ayden Henry,2026-06-26
798,Moshe Austin,2026-05-23
799,Santino Walters,2026-10-11
800,Erick Villalobos,2026-12-16
801,Legend Moyer,2026-10-07
802,Aria Carter,2026-05-11
803,Roy Collins,2026-09-04
804,Harleigh Luna,2026-07-12
805,Amoura Palmer,2026-02-27
806,Beau Corona,2026-05-25
807,Wallace Perez,2026-01-19
808,Ariana Whitney,2026-11-09
809,Jane Reyna,2026-03-20
810,Harlee Mendez,2026-04-03
811,Kohen Bowers,2026-06-03
812,Della Dean,2026-12-10
813,Lila Ferguson,2026-06-25
814,Kyra Chapman,2026-01-14
815,Dream Meadows,2026-12-14
816,Mila Pope,2026-06-26
817,Ronan O’brien,2026-02-10
818,Kayleigh Tang,2026-08-16
819,Frankie Stone,2026-09-05
820,Bear Hammond,2026-01-09
821,Leif Garrett,2026-11-07
822,Javier Faulkner,2026-12-05
823,Cassidy Daniel,2026-01-19
824,Kieran Trejo,2026-10-14
825,Saint Wheeler,2026-01-10
826,Sydney Sawyer,2026-03-01
827,Caspian Sawyer,2026-01-19
828,Kinslee Tapia,2026-10-04
829,Calum Shannon,2026-10-13
830,Isaac Johnson,2026-04-15
831,Stanley Arroyo,2026-06-19
832,Jaxxon Middleton,2026-10-19
833,Elaina Newton,2026-06-02
834,Ari Richard,2026-02-11
835,Eden Watkins,2026-10-05
836,Reese Pham,2026-07-26
837,Sylvia Howe,2026-03-24
838,Boden Lu,2026-02-13
839,Marilyn Horton,2026-10-13
840,Ramon Mosley,2026-06-20
841,Brynlee Bennett,2026-10-12
842,Gabriel Duffy,2026-05-03
843,Shepard McKinney,2026-02-17
844,Serena Curry,2026-04-14
845,Dangelo Pace,2026-02-17
846,Harry Rich,2026-05-26
847,Katalina Jacobs,2026-05-05
848,Jeremias Wilcox,2026-12-24
849,Ryleigh Hartman,2026-08-05
850,Holland Pruitt,2026-06-05
851,Addilyn Caldwell,2026-03-22
852,Finley Keller,2026-11-08
853,Richard Cook,2026-01-05
854,Felipe Short,2026-05-01
855,Duke Guzman,2026-06-10
856,Daniel Skinner,2026-01-15
857,Nash Fox,2026-09-09
858,Hank Fields,2026-03-26
859,Elsa Rivas,2026-09-15
860,Theo Cross,2026-05-24
861,Nova McDonald,2026-06-19
862,Kaison Curtis,2026-03-15
863,Ximena Gilmore,2026-10-16
864,Gideon Wilson,2026-04-02
865,Dane Wilcox,2026-05-20
866,Angelina Gould,2026-09-24
867,Cassidy Novak,2026-06-05
868,Matteo Chavez,2026-03-19
869,Rosalyn Ahmed,2026-10-12
870,Mikaela Lim,2026-09-14
871,Murphy Rice,2026-02-23
872,Heaven Mullen,2026-06-07
873,Callie Copeland,2026-12-12
874,Denise Lane,2026-12-09
875,Phoenix Ramirez,2026-03-03
876,Remi Gregory,2026-11-16
877,Ryland Cardenas,2026-07-21
878,Julissa Randolph,2026-04-09
879,Collin Ali,2026-12-14
880,Rafael Fleming,2026-06-09
881,Zayne Wilkinson,2026-07-26
882,Douglas Buchanan,2026-10-20
883,Maryam Skinner,2026-02-17
884,Axton Herring,2026-12-21
885,Landry Wolf,2026-03-18
886,Samson Rangel,2026-07-01
887,Simon Smith,2026-03-25
888,Adonis Combs,2026-03-20
889,Lennox Hines,2026-05-10
890,Liliana Montgomery,2026-03-22
891,Thomas Shepherd,2026-09-14
892,Leandro Ward,2026-06-26
893,Zahir Suarez,2026-07-13
894,Eithan Simmons,2026-10-05
895,Margot Ballard,2026-08-05
896,Saul Matthews,2026-10-01
897,Alia Friedman,2026-06-23
898,Persephone Calhoun,2026-04-13
899,Jack O’Connor,2026-01-15
900,Aliya Simmons,2026-01-01
901,Talon Khan,2026-08-13
902,Trent Stewart,2026-03-03
903,Layne Marks,2026-05-18
904,Adaline Cross,2026-02-08
905,Yusuf McIntosh,2026-03-20
906,Justice Goodwin,2026-05-17
907,Damian Bender,2026-03-26
908,Ashlyn Franklin,2026-11-25
909,Yosef Roy,2026-06-27
910,Vihaan Gibson,2026-02-27
911,Emma Gibbs,2026-10-11
912,Harmony Reilly,2026-05-04
913,Elsie Fitzgerald,2026-03-04
914,Octavia Hull,2026-06-05
915,Alvaro Williamson,2026-06-22
916,Khloe Lamb,2026-10-17
917,Deacon Houston,2026-07-01
918,Maddox Donaldson,2026-08-23
919,Zev Sweeney,2026-08-22
920,Winston Bennett,2026-07-01
921,Jaylee Lynn,2026-06-17
922,Shay Callahan,2026-12-13
923,Finn Cummings,2026-05-26
924,Calvin Abbott,2026-06-19
925,Guadalupe Ayala,2026-01-26
926,Tessa Johnson,2026-07-06
927,Paxton Quintana,2026-07-01
928,Kendrick Walsh,2026-10-06
929,Keenan Zuniga,2026-05-06
930,Mekhi Fletcher,2026-10-27
931,Ivanna Stanley,2026-12-26
932,Magnus McGee,2026-03-26
933,Saul McCoy,2026-10-17
934,Abram Sanders,2026-09-15
935,David Hale,2026-10-24
936,Kamiyah Vang,2026-05-04
937,Adriel Potts,2026-10-20
938,Nova Ahmed,2026-10-10
939,Finley Houston,2026-04-18
940,Duke Stewart,2026-05-22
941,Alejandra May,2026-12-15
942,Kannon Wise,2026-02-10
943,Shiloh Dominguez,2026-01-14
944,Lian Hood,2026-09-02
945,Rose Woodward,2026-11-18
946,Mina Tyler,2026-04-06
947,Yara Jensen,2026-05-23
948,Kaydence Dalton,2026-08-20
949,Zev Farley,2026-09-02
950,Magdalena Correa,2026-05-14
951,Ari Nguyen,2026-11-26
952,Paloma Lee,2026-09-22
953,Anderson Bonilla,2026-12-27
954,Fiona Mendez,2026-04-18
955,Rachel Li,2026-07-08
956,Melanie Rivers,2026-09-24
957,Dakota Novak,2026-05-09
958,Ahmed Castro,2026-08-26
959,Cash Mullins,2026-06-08
960,Paris Leal,2026-11-24
961,Lukas Wood,2026-06-24
962,Dream Bradley,2026-12-15
963,Laylah Lamb,2026-09-27
964,Dani Olson,2026-10-18
965,Giavanna Acevedo,2026-11-18
966,Joy Espinosa,2026-06-06
967,Harry Goodman,2026-01-09
968,Ember Douglas,2026-11-03
969,Jenesis Wiley,2026-01-17
970,Jamison Fernandez,2026-05-17
971,Reign McMahon,2026-04-25
972,Juliette Jaramillo,2026-03-13
973,Zakai Hendricks,2026-04-11
974,Riggs Campos,2026-08-21
975,Conrad Odom,2026-08-07
976,Oakley Finley,2026-09-21
977,Ivory Montgomery,2026-01-01
978,Luke Harrison,2026-12-13
979,Forest Shannon,2026-12-14
980,Colt Wallace,2026-01-03
981,Justin Reyna,2026-08-22
982,Kaydence May,2026-07-26
983,Kieran Clay,2026-04-02
984,Devin Briggs,2026-04-16
985,Abigail Haley,2026-05-10
986,Ryann Reese,2026-09-15
987,Esme Bauer,2026-05-26
988,Thomas Montes,2026-05-18
989,Reed Stanton,2026-12-26
990,Ledger Mosley,2026-07-11
991,Elsie Castro,2026-06-01
992,Robin Chambers,2026-10-13
993,Mabel Farrell,2026-06-15
994,Brooks Kent,2026-01-01
995,Mabel Calderon,2026-04-19
996,Jose Pitts,2026-03-19
997,Selene Hunt,2026-09-03
998,Nola Flynn,2026-05-05
999,Kellen Sanchez,2026-03-27
